Alhambra Bullón, Dolores M.	24198392T	Matemáticas P.E.S.	2019-09-01	null	958261885	false	false
Álvarez Bermudo, Mario	08921749A	Area Científico-Tecnolog. (Apoyo Covid)	2020-09-16	2021-06-30	626427174	false	false
Álvarez Chamizo, Cristina	33353948S	Contr. Lab. Religión (Sec-Ere) 05 Horas	2020-09-01	2021-08-31	651429273	false	false
Álvarez Chamizo, Cristina	08914265V	Tecnología P.E.S.	2006-09-01	null	952896014	false	false
Álvarez Chamizo, Cristina	33347173W	Geografía e Historia P.E.S.	2020-09-01	2021-06-30	636244624	false	false
Arroyo Pretel, Jean Paul	75818111Z	Lengua Castellana y Literatura P.E.S.	2020-09-01	2021-06-30	658504596	false	false
Avilés Jiménez, Beatriz	28614411L	Geografía e Historia P.E.S.	2016-09-01	null		false	false
Baena Escaño, Claudia	75563185C	Administración de Empresas P.E.S.	2020-09-21	2021-06-30		false	false
Baena Valero, Juan José	27347150N	Informática P.E.S.	2013-09-01	null	952869739	false	false
Báez Ruiz, Concepción	22723547F	Administración de Empresas P.E.S.	1991-10-01	null		false	false
Bain Antonyak, Diego	45711491A	Lengua Castellana y Literatura P.E.S.	2020-09-01	2021-06-30	600453894	false	false
Baraza Zamorano, Laura	26966400G	Inglés P.E.S.	2020-09-01	null	638310087	false	false
Barroso Jiménez, María Isabel	53151310N	Sistemas Electrónicos P.E.S.	2003-09-01	null	952806165	false	false
Berenguel Álvarez, Pablo	52571560T	Biología y Geología P.E.S.	2005-09-01	null	952800769	false	false
Cárdenas Díaz, Laura	26800485B	Educación Física P.E.S.	2010-09-01	null	617704193	false	false
Carmona Serrano, Laura	06572131L	Dibujo P.E.S.	2020-09-01	2021-06-30	616534693	false	false
Carrillo Moreno, Carmen Isabel	75006921B	Administración de Empresas P.E.S.	1992-10-01	null	692176980	false	false
Carrillo Moreno, Carmen Isabel	52555297K	Formación y Orientación Laboral P.E.S.	2018-09-01	null	630753403	false	false
Cocinero Molinero, Melania	74906891P	Dibujo P.E.S.	2020-09-01	2021-06-30	618640089	false	false
De la Fe Fernández, Rosa María	75115004V	Geografía e Historia P.E.S.	2020-09-01	null	606648952	false	false
Díaz Puerto, Francisco Javier	50602307F	Filosofía P.E.S.	2012-09-01	null	655526696	false	false
Díaz Puerto, Francisco Javier	24263559P	Matemáticas P.E.S.	2020-09-01	2021-08-31	958443348	false	false
Domínguez Tamayo, Julen	03888739Z	Inglés P.E.S.	2012-09-01	null	951249955	false	false
Domínguez Tamayo, Julen	44756577A	Educación Física P.E.S.	2016-09-01	null	647582371	false	false
Durán Blanco, José Antonio	74696158R	Dibujo P.E.S.	2020-09-01	2021-08-31	958292195	false	false
Escalona González, Rosa	27340284T	Contr. Lab. Religión (Sec-Ere) 06 Horas	2020-09-01	2021-08-31	639177088	false	false
Escobar Márquez, Luís María	25661407P	Lengua Castellana y Literatura P.E.S.	2019-09-01	null	952806165	false	false
Escudero Hernández, Virginia	30787489B	Física y Química P.E.S.	2019-09-01	null	951576056	false	false
Fagundo García, Emilia	12731426Y	Tecnología P.E.S.	2012-09-01	null	689100483	false	false
Fernández López, Pedro José	26974925L	Tecnología P.E.S.	2020-09-01	2021-06-30	620089634	false	false
Fernández Luzón, Rodrigo	74663933E	Informática P.E.S.	2010-09-01	null	717121280	false	false
Fernández Mangano, Luis Miguel	44263282N	Tecnología P.E.S.	2020-09-01	2021-06-30	600039589	false	false
Fernández Ramírez, Cristina	76748408F	Educación Física P.E.S.	2020-09-16	2021-06-30	658402109	false	false
Fortea Molina, Pastora	77455412Z	Francés P.E.S.	2009-09-01	null	656491528	false	false
García Beneite, Cora Ángeles	77455262W	Inglés P.E.S.	2020-09-01	2021-06-30	952795942	false	false
García Del Valle, Ana	24228342G	Inglés P.E.S.	2003-09-01	null	670031576	false	false
García Pascual, Almudena	25718794X	Matemáticas P.E.S.	2020-09-01	2021-06-30	655198361	false	false
Garrocho González, Cristina	33397284L	Matemáticas P.E.S.	2011-09-01	null		false	false
Gijón Mateo, Emilia	25931941Q	Biología y Geología P.E.S.	2020-04-03	2025-04-02	952782069	false	false
Giráldez Cuevas, María	07986998H	Física y Química P.E.S.	2012-09-01	null	636443041	false	false
Giráldez Cuevas, María	34843289Z	Informática P.E.S.	2020-09-01	2021-06-30	661954911	false	false
Girón Vega, María Dolores	29077348N	Administración de Empresas P.E.S.	1992-10-01	null	952794470	false	false
González Astilleros, Verónica	25565241M	Informática P.E.S.	2009-06-22	2021-01-24	952795965	false	false
González Chamizo, María	45714123J	Biología y Geología P.E.S.	2020-09-01	2021-06-30	953718296	false	false
González Garzón, Álvaro	74934666E	Biología y Geología P.E.S.	2020-09-01	2021-06-30	687654302	false	false
González Juliá, María del Carmen	78988638Z	Area de Lengua y CC. Soc. (Apoyo Covid)	2020-09-16	2021-06-30	685031987	false	false
González Ramírez, Jessica	79055309P	Orientación Educativa P.E.S.	2020-09-01	2021-06-30	640656461	false	false
Hernández Lozano, Remedios	26485849S	Inglés P.E.S.	2008-09-01	null	952807303	false	false
Hidalgo Villa, Javier	08922573E	Contr. Lab.Evangelic. (Sec-Ere) 04 Horas	2020-09-01	2021-08-31	606748632	false	false
Horno Cabrera, María del Carmen	74831388Z	Proc. Gestión Administrativa P.T.F.P.	2020-09-01	2021-06-30		false	false
Jiménez Jiménez, Amparo	77455402G	Geografía e Historia P.E.S.	2019-09-01	null	649446973	false	false
Lara Orive, Rachel	78961479H	Matemáticas P.E.S.	2004-09-01	null	952800329	false	false
León Sánchez, María Luisa	75710637L	Informática P.E.S.	2020-09-01	2021-06-30	670557617	false	false
Lirola Oliva, Ana	74868422H	Lengua Castellana y Literatura P.E.S.	2008-09-01	null	665475984	false	false
López Córdoba, Marta	75128842D	Geografía e Historia P.E.S.	2020-09-01	null	615348684	false	false
Macías Laynez, Magdalena	25583669X	Matemáticas P.E.S.	2010-09-01	null	951965362	false	false
Malmesat Rodríguez, Mercedes	25713795W	Informática P.E.S.	2020-09-01	2021-06-30	619160218	false	false
Manuel Coronado, David	80133984Y	Física y Química P.E.S.	2004-09-01	null	952805430	false	false
Márquez Pineda, Jacqueline Cristina	74867075M	Orientación Educativa P.E.S.	2008-09-01	null	952340738	false	false
Martín Fernández, Inmaculada Concepción	70909878G	Filosofía P.E.S.	2020-09-01	2021-06-30	658036793	false	false
Martínez Arriaza, Humberto	80125358M	Proc. Gestión Administrativa P.T.F.P.	1987-10-01	2021-04-05	952800450	false	false
Martínez Fernández, Inés	75729511X	Proc. Gestión Administrativa P.T.F.P.	2020-09-01	2021-06-30	667069980	false	false
Martínez Fernández, Inés	53682231R	Inglés P.E.S.	2009-09-01	null	952805153	false	false
Maza Jurado, Elisa María	77330277E	Economía P.E.S.	2020-09-01	2021-06-30	639839086	false	false
Mesa Rivera, Inmaculada del Mar	23275278Z	Geografía e Historia P.E.S.	2020-09-01	2021-06-30	660843827	false	false
Mesa Rivera, Inmaculada del Mar	74885311W	Inglés P.E.S.	2020-09-01	2021-06-30	662102628	false	false
Mesa Rivera, Inmaculada del Mar	27344407Y	Cultura Clásica P.E.S.	2020-09-01	2021-06-30	952923096	false	false
Mesa Rivera, Inmaculada del Mar	26458859G	Francés P.E.S.	1998-09-15	null	952805430	false	false
Mora Luciani, Estefanía	77181164H	Inglés P.E.S.	2020-09-01	2021-06-30	696203922	false	false
Moral Yesa, Sandra	53694108X	Informática P.E.S.	2021-01-25	2021-06-30	627856970	false	false
Moreno Fernández, Eligia Rocío	53593134Y	Lengua Castellana y Literatura P.E.S.	2020-09-01	2021-06-30	687187374	false	false
Mula GarcÃ­a, Andrés	44590674E	Lengua Castellana y Literatura P.E.S.	2017-09-01	null	675348998	false	false
Muñoz Gómez, Triana	74657046N	Filosofía P.E.S.	2019-09-01	null	665883259	false	false
Murillo García, María Jesús	75743031Y	Pedagogía Terapeutica Eso	2005-09-01	null	952802285	false	false
Navarrete Fernández, Luis Ramón	52294297W	Lengua Castellana y Literatura P.E.S.	2006-09-01	null	955830943	false	false
Navarrete Fernández, Luis Ramón	78968283Z	Lengua Castellana y Literatura P.E.S.	2020-09-28	2021-06-30	671262118	false	false
Navarro Martínez, Ana	78969645L	Filosofía P.E.S.	2020-09-01	2021-06-30	685522638	false	false
Núñez Murillo, Margarita	75111043N	Sistemas y Aplic. Informáticos P.T.F.P.	2012-09-01	null	699987772	false	false
Ortiz Álvarez, Raquel	27337182A	Informática P.E.S.	2013-09-01	null	951892984	false	false
Pabón Alcaide, José Antonio	31730572W	Dibujo P.E.S.	2020-09-01	2021-06-30	626895904	false	false
Pacheco Rodríguez, Isabel María	24882305P	Orientación Educativa P.E.S.	2012-09-01	2020-09-04	952796064	false	false
Palma Ruiz, Dámaris	75136159N	Proc. Gestión Administrativa P.T.F.P.	2020-09-01	2021-06-30	646011409	false	false
Pariente Núñez, Rafael	76637554J	Inglés P.E.S.	2020-09-01	2021-06-30	610917127	false	false
Pastor Martínez, Pedro	25075656K	Tecnología P.E.S.	2020-09-21	2021-06-30	625850519	false	false
Peña Guzmán, Carlos	53656255S	Inglés P.E.S.	2020-09-01	2021-06-30	692231083	false	false
Pérez Alfaro, Emilia	08921790K	Area de Lengua y CC. Soc. (Apoyo Covid)	2020-09-16	2021-06-30	687759273	false	false
Pérez Ruiz, Carlos	42848833V	Equipos Electrónicos P.T.F.P.	2020-09-01	2021-08-31	952791844	false	false
Picón Sanz, José Manuel	26211671C	Formación y Orientación Laboral P.E.S.	2020-11-09	2021-03-31	690939446	false	false
Portillo Callejón, Noemí	30236694C	Lengua Castellana y Literatura P.E.S.	2020-09-01	2021-06-30	663697861	false	false
Prat Quiles, Francisco	30974640B	Dibujo P.E.S.	2020-09-01	2021-06-30	622191146	false	false
Quesada Martín, Teresa	53771268M	Lengua Castellana y Literatura P.E.S.	2020-09-01	null	699717280	false	false
Rabinovich Camacho, Carlos	08906635T	Administración de Empresas P.E.S.	1991-10-01	null	696418007	false	false
Rabinovich Camacho, Carlos	24279666S	Area Científico-Tecnolog. (Apoyo Covid)	2020-09-16	2021-06-30		false	false
Rabinovich Camacho, Carlos	26466515R	Sistemas y Aplic. Informáticos P.T.F.P.	2003-09-01	null	952800387	false	false
Rabinovich Camacho, Carlos	08922687K	Música P.E.S.	2004-09-01	null	952791390	false	false
Revelles Rubio, Soraya	76997333A	Educación Física P.E.S.	2019-09-01	null	606111414	false	false
Rivas Rivas, José Manuel	30458572V	Proc. Gestión Administrativa P.T.F.P.	1990-10-01	null	690006715	false	false
Rodilphe Núñez, Sheila	25715185N	Matemáticas P.E.S.	2020-09-01	2021-06-30	656905836	false	false
Rodríguez Montero, Rocío	74816539T	Lengua Castellana y Literatura P.E.S.	2010-09-01	null	952890188	false	false
Rodríguez Pérez, Nazareth	75251666J	Matemáticas P.E.S.	2020-09-01	2021-06-30	950254657	false	false
Romero Reyes, Marina Concepción	74837904K	Administración de Empresas P.E.S.	2020-09-01	2021-06-30	660326238	false	false
Ruiz Bajo, Rosa María	31841670X	Matemáticas P.E.S.	1992-10-01	null	952796088	false	false
Saborido Pozo, Carmona	14635310L	Geografía e Historia P.E.S.	2020-09-01	2021-06-30	663208603	false	false
Salcedo Aragón, María del Carmen	71891915X	Lengua Castellana y Literatura P.E.S.	2020-09-01	2021-08-31	687257704	false	false
Salguero Fernández, Guadalupe	15472958F	Formación y Orientación Laboral P.E.S.	2020-09-01	2021-06-30	662598530	false	false
Sánchez González, Maud Brigitte Marie	75721574P	Geografía e Historia P.E.S.	2020-09-16	2021-06-30	656311792	false	false
Sánchez Pérez, Manuel	74901717D	Matemáticas P.E.S.	2001-09-01	null	952796927	false	false
Sánchez Pérez, Manuel	52296143P	Francés P.E.S.	2019-09-01	null	951715669	false	false
Sánchez Romero, Marta	77452049D	Geografía e Historia P.E.S.	2018-09-01	null	952796197	false	false
Santana Ortega, Ángela	25975666H	Economía P.E.S.	1997-09-15	null	952791737	false	false
Sastre GarcÃ­a, David	77348976E	Geografía e Historia P.E.S.	2019-09-01	null	680671354	false	false
Sastre GarcÃ­a, David	25333003K	Tecnología P.E.S.	2020-09-01	2021-06-30	649681212	false	false
Serena León, Ana María	26012958G	Educación Física P.E.S.	2010-09-01	null	639675154	false	false
Serrano Maján, Isabel	45070008J	Música P.E.S.	2001-09-01	null		false	false
Silva Macías, Fernando	74853120B	Audición y Lenguaje Eso. (Signos)	2020-09-01	2021-06-30	952438739	false	false
Soria De Vila, Antonio Jesús	44575768C	Matemáticas P.E.S.	2020-09-01	null	666533066	false	false
Tirado Pérez, María Inmaculada	44580305A	Proc. Gestión Administrativa P.T.F.P.	2020-09-01	2021-06-30	655378521	false	false
Torres Silva, Antonia	08929037T	Sistemas y Aplic. Informáticos P.T.F.P.	2008-09-01	null	654167765	false	false
Ucha Montes, María Isabel	34029354A	Física y Química P.E.S.	2020-10-07	2021-06-30	679155637	false	false
Valero Gamarra, María Herminia	48956848Z	Inglés P.E.S.	2016-09-01	null	656953206	false	false
Vallés Martos, Natalia	74882954Z	Lengua Castellana y Literatura P.E.S.	2020-09-01	2021-06-30	635257811	false	false
Vallés Martos, Natalia	09057185S	Economía P.E.S.	2020-09-01	2021-08-31	618072577	false	false
Vargas-Machuca Rincón, Eduardo Jesús	26206754W	Equipos Electrónicos P.T.F.P.	1989-10-01	null	952807681	false	false
Vega Mancera, Silvia	76368363Z	Filosofía P.E.S.	2014-09-01	null	981231728	false	false
Vidal Morillas, María Nieves	32028489T	Administración de Empresas P.E.S.	1992-10-01	null		false	false
Vidal Morillas, María Nieves	27347116R	Física y Química P.E.S.	2012-09-01	null	605837861	false	false
Viedma Canca, Pablo Manuel	31831916P	Física y Química P.E.S.	1989-10-01	2020-10-05		false	false
Young García, María Lucía	24259915K	Informática P.E.S.	2020-09-01	2021-06-30	667912025	false	false
Zapata Moreno, Nerea del Rocío	08915544P	Laboral Religión (Sec-Ere) Jor.Completa	2019-09-01	2021-08-30	675171749	false	false
